,Timestamp,Open,High,Low,Close,Volume (BTC),Volume (Currency),Weighted Price
0,2019-10-13 00:00:00,8303.43,8474.48,8132.91,8282.96,4445.28,37082713.92,8342.04
1,2019-10-14 00:00:00,8278.39,8416.67,8215.41,8362.99,4294.61,35705415.19,8314.01
2,2019-10-15 00:00:00,8353.33,8420.85,8086.0,8155.13,5044.66,41647353.51,8255.73
3,2019-10-16 00:00:00,8162.45,8179.1,7912.66,7995.89,8644.4,69316753.57,8018.69
4,2019-10-17 00:00:00,7995.73,8130.71,7936.71,8073.32,5395.89,43466038.76,8055.4
5,2019-10-18 00:00:00,8069.26,8120.77,7811.62,7955.08,5611.09,44500999.58,7930.9
6,2019-10-19 00:00:00,7950.48,8096.76,7875.0,7960.49,3461.13,27557421.1,7961.98
7,2019-10-20 00:00:00,7965.39,8314.77,7874.68,8235.74,6358.92,51422182.22,8086.62
8,2019-10-21 00:00:00,8236.49,8352.0,8156.0,8213.65,4919.73,40461008.14,8224.23
9,2019-10-22 00:00:00,8206.53,8314.77,7989.15,8025.9,5678.93,46474242.56,8183.62
10,2019-10-23 00:00:00,8021.57,8052.04,7293.55,7470.77,13306.18,100801574.42,7575.54
11,2019-10-24 00:00:00,7470.77,7512.0,7356.0,7435.0,4997.42,37210305.43,7445.9
12,2019-10-25 00:00:00,7427.0,8784.29,7393.14,8662.66,19113.8,157079122.1,8218.1
13,2019-10-26 00:00:00,8677.09,10350.0,8642.46,9252.75,38751.8,364431123.25,9404.24
14,2019-10-27 00:00:00,9262.72,9819.92,9092.66,9557.08,17783.03,169009332.26,9503.97
15,2019-10-28 00:00:00,9547.32,9950.0,9177.84,9216.44,14722.02,139923976.28,9504.4
16,2019-10-29 00:00:00,9216.39,9573.35,9051.48,9426.94,9059.61,85007062.39,9383.08
17,2019-10-30 00:00:00,9426.94,9437.06,8985.25,9159.94,8814.44,80752701.08,9161.41
18,2019-10-31 00:00:00,9169.55,9438.61,8961.53,9150.07,10113.16,92792853.95,9175.46
19,2019-11-01 00:00:00,9158.08,9303.53,9054.6,9250.45,6640.55,60832091.54,9160.7
20,2019-11-02 00:00:00,9250.7,9396.91,9201.19,9304.75,2701.14,25075118.41,9283.17
21,2019-11-03 00:00:00,9304.75,9384.32,9067.0,9207.0,2539.22,23311544.34,9180.6
22,2019-11-04 00:00:00,9207.0,9586.5,9122.33,9410.76,4962.44,46348340.77,9339.82
23,2019-11-05 00:00:00,9410.76,9485.0,9165.2,9320.14,4979.58,46449230.61,9327.94
24,2019-11-06 00:00:00,9319.1,9448.19,9254.68,9344.78,4670.23,43617190.04,9339.4
25,2019-11-07 00:00:00,9346.02,9373.48,9080.0,9199.36,3975.98,36653215.87,9218.67
26,2019-11-08 00:00:00,9209.3,9253.39,8661.0,8767.37,9699.75,86368731.97,8904.23
27,2019-11-09 00:00:00,8760.38,8876.94,8720.0,8812.21,2271.52,20011709.54,8809.84
28,2019-11-10 00:00:00,8806.85,9142.33,8750.85,9024.49,2663.28,23900855.54,8974.22
29,2019-11-11 00:00:00,9029.88,9075.32,8593.0,8720.36,6392.98,55913644.29,8746.11
30,2019-11-12 00:00:00,8720.36,8872.47,8549.0,8813.91,4721.91,41173319.74,8719.64
31,2019-11-13 00:00:00,8817.0,8839.46,8700.0,8755.24,3185.82,27877490.14,8750.49
32,2019-11-14 00:00:00,8765.53,8791.78,8555.0,8636.9,3412.81,29480031.56,8638.06
33,2019-11-15 00:00:00,8632.07,8799.03,8363.0,8463.49,5213.7,44596817.59,8553.77
34,2019-11-16 00:00:00,8459.38,8539.53,8423.0,8484.63,1180.57,10004652.28,8474.4
35,2019-11-17 00:00:00,8485.61,8631.6,8375.0,8499.31,2074.01,17668226.91,8518.88
36,2019-11-18 00:00:00,8499.53,8508.4,8010.7,8170.65,4825.66,40088282.11,8307.32
37,2019-11-19 00:00:00,8176.9,8197.77,7989.15,8121.63,4412.39,35731334.2,8097.95
38,2019-11-20 00:00:00,8124.08,8231.04,8027.28,8088.44,2996.01,24265795.69,8099.38
39,2019-11-21 00:00:00,8085.54,8116.92,7394.09,7611.51,9375.0,72431853.92,7726.06
40,2019-11-22 00:00:00,7612.23,7714.7,6785.0,7285.85,20120.15,144885449.41,7201.01
41,2019-11-23 00:00:00,7276.21,7356.49,7102.16,7320.39,5550.47,40106431.41,7225.77
42,2019-11-24 00:00:00,7330.98,7349.68,6861.96,6908.36,6047.02,42914524.55,7096.81
43,2019-11-25 00:00:00,6900.9,7380.0,6515.0,7122.14,18716.6,129366591.36,6911.86
44,2019-11-26 00:00:00,7127.12,7344.91,7018.78,7159.22,7643.85,54566242.21,7138.58
45,2019-11-27 00:00:00,7168.74,7676.27,6847.72,7527.84,15156.99,110349122.51,7280.41
46,2019-11-28 00:00:00,7517.82,7659.92,7372.19,7436.72,6925.58,52090533.13,7521.46
47,2019-11-29 00:00:00,7429.32,7870.35,7411.17,7753.69,7658.87,58602440.28,7651.58
48,2019-11-30 00:00:00,7753.69,7815.0,7452.08,7550.67,5446.27,41571365.44,7632.99
49,2019-12-01 00:00:00,7560.2,7560.2,7233.87,7412.66,5477.97,40318302.94,7360.08
50,2019-12-02 00:00:00,7411.75,7431.07,7140.08,7309.64,4324.3,31520978.02,7289.27
51,2019-12-03 00:00:00,7317.94,7415.0,7238.04,7300.43,2552.2,18683808.38,7320.66
52,2019-12-04 00:00:00,7299.2,7772.71,7087.09,7197.78,7737.39,56881650.2,7351.53
53,2019-12-05 00:00:00,7199.58,7500.0,7150.06,7390.42,4641.76,34104243.99,7347.27
54,2019-12-06 00:00:00,7397.35,7618.99,7305.56,7541.79,4167.24,31009940.79,7441.36
55,2019-12-07 00:00:00,7535.46,7638.88,7486.7,7502.65,2034.57,15354337.77,7546.71
56,2019-12-08 00:00:00,7505.86,7580.0,7382.69,7524.26,1798.77,13485555.31,7497.1
57,2019-12-09 00:00:00,7516.8,7666.0,7268.03,7340.52,6582.47,48984901.86,7441.72
58,2019-12-10 00:00:00,7332.05,7400.0,7150.23,7216.07,4090.62,29794651.28,7283.65
59,2019-12-11 00:00:00,7224.5,7271.0,7122.28,7207.42,3419.94,24643079.62,7205.71
60,2019-12-12 00:00:00,7208.95,7296.19,7072.2,7188.42,4376.89,31435190.58,7182.09
61,2019-12-13 00:00:00,7185.15,7302.35,7179.65,7257.47,3178.08,22970960.45,7227.94
62,2019-12-14 00:00:00,7255.94,7269.0,7007.48,7059.03,2012.35,14334264.59,7123.15
63,2019-12-15 00:00:00,7066.35,7225.23,7007.0,7115.08,1848.35,13129364.52,7103.31
64,2019-12-16 00:00:00,7115.08,7147.91,6820.0,6882.19,5923.06,41353720.35,6981.82
65,2019-12-17 00:00:00,6882.08,6938.77,6550.0,6612.3,7107.26,47895327.08,6738.93
66,2019-12-18 00:00:00,6619.53,7449.68,6425.0,7286.91,12873.63,87907793.92,6828.51
67,2019-12-19 00:00:00,7286.91,7372.12,7000.0,7149.57,5936.56,42356210.92,7134.81
68,2019-12-20 00:00:00,7157.53,7218.11,7072.61,7194.11,3201.66,22903428.01,7153.6
69,2019-12-21 00:00:00,7194.13,7194.13,7109.73,7147.4,1689.08,12063083.6,7141.8
70,2019-12-22 00:00:00,7147.4,7530.0,7124.52,7509.7,3796.23,27923854.9,7355.69
71,2019-12-23 00:00:00,7521.88,7692.98,7247.86,7316.17,6710.77,50266006.27,7490.35
72,2019-12-24 00:00:00,7317.47,7431.1,7156.0,7251.52,4194.59,30637380.18,7304.02
73,2019-12-25 00:00:00,7247.45,7266.81,7110.73,7195.79,1504.53,10824576.03,7194.67
74,2019-12-26 00:00:00,7195.8,7432.0,7150.0,7188.3,3116.75,22627576.21,7260.0
75,2019-12-27 00:00:00,7195.17,7255.37,7052.0,7246.0,4024.57,28884846.43,7177.12
76,2019-12-28 00:00:00,7247.7,7349.65,7231.0,7296.24,1579.7,11528551.51,7297.92
77,2019-12-29 00:00:00,7297.43,7524.46,7274.43,7385.54,2583.85,19120178.74,7399.88
78,2019-12-30 00:00:00,7372.79,7384.9,7199.0,7220.24,3722.91,27106970.23,7281.12
79,2019-12-31 00:00:00,7222.74,7302.35,7112.55,7168.36,2638.69,18984547.33,7194.68
80,2020-01-01 00:00:00,7160.69,7237.35,7150.0,7178.68,1119.11,8052270.93,7195.25
81,2020-01-02 00:00:00,7174.7,7184.94,6900.0,6950.56,3972.71,27928978.29,7030.21
82,2020-01-03 00:00:00,6945.7,7402.31,6853.53,7338.91,8072.73,58367332.83,7230.19
83,2020-01-04 00:00:00,7332.58,7396.1,7256.03,7344.48,3256.74,23825437.64,7315.74
84,2020-01-05 00:00:00,7356.05,7495.0,7310.0,7356.7,2707.27,20108463.48,7427.57
85,2020-01-06 00:00:00,7352.12,7817.0,7342.46,7762.74,6728.28,51148366.7,7601.99
86,2020-01-07 00:00:00,7768.17,8220.0,7697.03,8159.01,12158.32,96360835.32,7925.5
87,2020-01-08 00:00:00,8151.79,8463.57,7872.09,8044.44,11913.23,97929528.57,8220.23
88,2020-01-09 00:00:00,8048.94,8048.94,7737.97,7806.78,5957.24,47018267.8,7892.62
89,2020-01-10 00:00:00,7812.7,8200.0,7667.0,8200.0,8999.99,71487988.31,7943.12
90,2020-01-11 00:00:00,8200.0,8286.0,8000.0,8016.22,3788.33,30769860.95,8122.28
91,2020-01-12 00:00:00,8008.1,8190.0,7960.0,8180.76,2056.09,16671798.24,8108.51
92,2020-01-13 00:00:00,8180.75,8196.81,8039.0,8105.01,4011.44,32494162.71,8100.38
93,2020-01-14 00:00:00,8105.01,8895.0,8105.01,8813.04,17009.43,146225207.42,8596.71
94,2020-01-15 00:00:00,8813.2,8903.2,8555.0,8809.17,8606.88,75401269.55,8760.58
95,2020-01-16 00:00:00,8810.62,8852.35,8573.91,8710.15,6713.26,58128480.46,8658.76
96,2020-01-17 00:00:00,8715.39,9015.22,8661.52,8892.63,9363.16,83202108.28,8886.12
97,2020-01-18 00:00:00,8898.03,9000.1,8798.9,8908.53,3678.01,32722278.87,8896.74
98,2020-01-19 00:00:00,8901.02,9188.1,8461.38,8696.6,8785.45,77156049.64,8782.25
99,2020-01-20 00:00:00,8698.97,8740.54,8507.93,8625.17,4420.2,38176413.57,8636.81
100,2020-01-21 00:00:00,8629.66,8778.66,8480.0,8717.89,3394.69,29315872.02,8635.8
101,2020-01-22 00:00:00,8728.47,8792.98,8567.68,8655.93,3143.81,27226881.83,8660.47
102,2020-01-23 00:00:00,8661.63,8665.95,8280.0,8378.44,8611.01,72408778.79,8408.86
103,2020-01-24 00:00:00,8382.08,8530.7,8212.9,8422.13,6430.43,53848152.42,8373.96
104,2020-01-25 00:00:00,8435.83,8437.47,8252.72,8329.5,2812.79,23426249.24,8328.47
105,2020-01-26 00:00:00,8320.0,8600.0,8276.22,8590.48,6340.59,53453535.6,8430.38
106,2020-01-27 00:00:00,8600.0,9004.35,8546.55,8894.54,9619.77,84430635.62,8776.78
107,2020-01-28 00:00:00,8894.57,9413.24,8876.0,9400.0,9565.56,86973753.2,9092.39
108,2020-01-29 00:00:00,9386.57,9443.96,9215.5,9289.18,6481.92,60511710.82,9335.47
109,2020-01-30 00:00:00,9280.83,9570.0,9166.07,9500.0,7945.16,74656133.86,9396.43
110,2020-01-31 00:00:00,9510.84,9529.35,9195.93,9327.85,5009.62,46781868.72,9338.4
111,2020-02-01 00:00:00,9339.26,9464.16,9280.33,9377.17,1669.0,15647313.66,9375.25
112,2020-02-02 00:00:00,9379.6,9474.28,9135.0,9329.39,3015.79,28176260.6,9342.91
113,2020-02-03 00:00:00,9309.69,9615.0,9211.07,9288.09,4758.13,44541630.34,9361.16
114,2020-02-04 00:00:00,9281.0,9348.6,9075.0,9159.37,4867.23,44773399.1,9198.96
115,2020-02-05 00:00:00,9168.49,9775.0,9142.52,9618.42,8063.97,76512667.13,9488.22
116,2020-02-06 00:00:00,9617.84,9859.57,9521.0,9754.63,7554.49,73394159.76,9715.3
117,2020-02-07 00:00:00,9754.63,9878.0,9706.94,9803.42,4013.49,39274637.38,9785.65
118,2020-02-08 00:00:00,9803.71,9948.97,9658.58,9902.0,3268.74,32063962.56,9809.29
119,2020-02-09 00:00:00,9907.7,10178.54,9885.04,10173.97,4830.34,48619500.95,10065.45
120,2020-02-10 00:00:00,10173.51,10199.85,9731.2,9850.01,7560.67,74963300.95,9914.9
121,2020-02-11 00:00:00,9851.99,10383.9,9706.94,10268.98,8127.6,81821348.98,10067.1
122,2020-02-12 00:00:00,10270.98,10495.0,10247.35,10348.78,6553.41,67795650.93,10345.1
123,2020-02-13 00:00:00,10348.78,10500.5,10068.0,10228.67,9347.45,95971600.41,10267.14
124,2020-02-14 00:00:00,10229.19,10398.0,10093.26,10364.04,6190.38,63465786.55,10252.33
125,2020-02-15 00:00:00,10364.04,10408.04,9739.0,9899.78,5762.31,57929002.53,10053.09
126,2020-02-16 00:00:00,9909.71,10051.24,9598.49,9912.89,4133.48,40778597.95,9865.45
127,2020-02-17 00:00:00,9925.96,9973.45,9467.57,9697.15,5913.2,57252913.03,9682.21
128,2020-02-18 00:00:00,9725.57,10288.0,9602.6,10185.17,6754.35,67153716.79,9942.29
129,2020-02-19 00:00:00,10190.3,10300.0,9312.0,9595.72,9936.82,98785031.86,9941.31
130,2020-02-20 00:00:00,9589.1,9706.27,9396.91,9612.76,6608.49,63258478.74,9572.3
131,2020-02-21 00:00:00,9610.4,9773.2,9562.6,9696.13,4271.47,41404137.04,9693.18
132,2020-02-22 00:00:00,9696.13,9722.39,9568.51,9668.13,2096.56,20253010.07,9660.1
133,2020-02-23 00:00:00,9664.08,10024.08,9664.08,9965.21,3329.22,32927432.12,9890.42
134,2020-02-24 00:00:00,9969.79,10027.66,9480.0,9652.58,5877.01,57123425.65,9719.81
135,2020-02-25 00:00:00,9664.87,9682.73,9234.21,9305.4,6280.0,59384596.89,9456.14
136,2020-02-26 00:00:00,9305.4,9369.99,8627.78,8779.36,11564.2,103821757.03,8977.86
137,2020-02-27 00:00:00,8778.37,8974.75,8520.0,8816.5,9273.9,81515059.44,8789.72
138,2020-02-28 00:00:00,8816.5,8900.94,8421.49,8703.84,6546.98,56592181.78,8644.01
139,2020-02-29 00:00:00,8710.0,8805.06,8525.0,8527.74,2338.07,20286638.54,8676.67
140,2020-03-01 00:00:00,8525.0,8756.11,8410.0,8528.95,4156.57,35511261.83,8543.4
141,2020-03-02 00:00:00,8516.0,8980.34,8486.72,8917.34,6186.86,54353354.13,8785.29
142,2020-03-03 00:00:00,8917.34,8921.8,8660.04,8755.45,4629.97,40663925.38,8782.76
143,2020-03-04 00:00:00,8755.45,8850.0,8663.76,8753.28,3353.23,29341557.58,8750.23
144,2020-03-05 00:00:00,8757.79,9169.0,8757.79,9066.65,6448.69,58265604.82,9035.27
145,2020-03-06 00:00:00,9059.0,9187.85,8990.01,9153.79,4136.42,37642647.03,9100.29
146,2020-03-07 00:00:00,9154.1,9219.13,8859.49,8893.93,2805.59,25374792.8,9044.36
147,2020-03-08 00:00:00,8901.12,8901.12,7995.48,8033.7,9068.89,76135548.37,8395.24
148,2020-03-09 00:00:00,8035.79,8191.13,7636.0,7936.25,12177.39,95866831.83,7872.52
149,2020-03-10 00:00:00,7937.2,8158.42,7733.99,7885.92,8274.95,65746742.7,7945.27
150,2020-03-11 00:00:00,7893.63,7988.78,7591.99,7934.57,7289.61,56863822.03,7800.67
151,2020-03-12 00:00:00,7956.29,7969.9,4776.59,4841.67,58513.39,360210571.57,6156.04
152,2020-03-13 00:00:00,4841.67,5990.35,3850.0,5622.74,54419.64,284267182.43,5223.61
153,2020-03-14 00:00:00,5623.16,5663.01,5051.0,5169.37,15370.87,82874138.92,5391.64
154,2020-03-15 00:00:00,5167.38,5965.77,5092.34,5343.64,16589.3,89752311.59,5410.25
155,2020-03-16 00:00:00,5353.04,5353.04,4435.89,5033.42,34905.46,170219112.51,4876.58
156,2020-03-17 00:00:00,5051.41,5569.9,4936.0,5324.99,17517.84,93134794.19,5316.57
157,2020-03-18 00:00:00,5340.95,5452.43,5006.87,5406.92,22559.23,118551265.57,5255.11
158,2020-03-19 00:00:00,5413.0,6433.98,5266.38,6181.18,24783.73,146253518.53,5901.19
159,2020-03-20 00:00:00,6192.94,7139.0,5670.0,6210.14,30082.5,193439601.27,6430.3
160,2020-03-21 00:00:00,6207.66,6461.91,5866.44,6187.78,11796.73,72583889.46,6152.88
161,2020-03-22 00:00:00,6199.17,6419.0,5705.0,5813.15,10813.38,65253784.14,6034.54
162,2020-03-23 00:00:00,5816.57,6629.79,5686.34,6493.51,19053.8,118385188.51,6213.2
163,2020-03-24 00:00:00,6494.7,6893.0,6400.01,6768.64,19719.09,131376646.8,6662.41
164,2020-03-25 00:00:00,6768.64,6989.04,6457.17,6692.22,16675.74,111416237.44,6681.34
165,2020-03-26 00:00:00,6695.47,6798.89,6528.07,6760.72,7393.71,49294382.86,6667.07
166,2020-03-27 00:00:00,6765.15,6872.67,6210.0,6376.03,10816.29,71901745.73,6647.55
167,2020-03-28 00:00:00,6376.03,6376.03,6030.51,6253.08,11613.49,72147462.54,6212.38
168,2020-03-29 00:00:00,6275.11,6278.24,5869.0,5870.9,9298.94,56233063.89,6047.26
169,2020-03-30 00:00:00,5878.47,6630.0,5856.0,6407.77,14974.44,94589749.29,6316.75
170,2020-03-31 00:00:00,6408.95,6527.24,6337.42,6421.14,6342.3,40889445.98,6447.1
171,2020-04-01 00:00:00,6428.74,6710.21,6137.71,6652.07,11319.15,71960130.69,6357.38
172,2020-04-02 00:00:00,6669.95,7236.39,6575.13,6801.99,17212.82,117398261.41,6820.4
173,2020-04-03 00:00:00,6789.63,7047.96,6610.0,6742.57,10570.11,72358605.3,6845.59
174,2020-04-04 00:00:00,6737.36,7014.0,6655.54,6879.61,6018.52,40962523.5,6806.08
175,2020-04-05 00:00:00,6887.22,6914.01,6678.51,6775.2,3981.98,27031800.42,6788.54
176,2020-04-06 00:00:00,6780.57,7376.59,6773.75,7352.43,13683.04,97422008.84,7119.91
177,2020-04-07 00:00:00,7335.85,7469.0,7077.0,7202.73,11669.01,85195615.03,7301.01
178,2020-04-08 00:00:00,7204.78,7428.95,7152.0,7367.36,8720.21,63711657.24,7306.21
179,2020-04-09 00:00:00,7370.85,7376.59,7107.38,7293.93,8324.92,60735239.87,7295.59
180,2020-04-10 00:00:00,7299.12,7306.1,6750.15,6877.03,10727.87,74421521.65,6937.22
181,2020-04-11 00:00:00,6866.03,6955.59,6771.24,6883.18,3326.67,22836390.23,6864.63
182,2020-04-12 00:00:00,6882.75,7201.76,6790.74,6908.24,7264.52,51063776.08,7029.2
183,2020-04-13 00:00:00,6908.21,6914.01,6542.91,6864.22,10837.57,73070898.94,6742.37
184,2020-04-14 00:00:00,6864.66,6991.0,6766.96,6879.75,7275.69,50059446.72,6880.37
185,2020-04-15 00:00:00,6868.88,6940.0,6598.55,6619.0,8109.73,54918729.97,6771.95
186,2020-04-16 00:00:00,6619.0,7224.18,6472.67,7111.67,15726.7,109502622.67,6962.85
187,2020-04-17 00:00:00,7121.35,7158.22,6995.39,7024.19,8539.62,60386632.15,7071.35
188,2020-04-18 00:00:00,7020.13,7306.15,7020.13,7262.26,5102.5,36602893.61,7173.52
189,2020-04-19 00:00:00,7265.94,7276.21,7057.46,7126.4,4662.19,33388014.35,7161.44
190,2020-04-20 00:00:00,7124.27,7220.0,6757.75,6841.0,11365.01,79382776.01,6984.84
191,2020-04-21 00:00:00,6833.0,6950.98,6774.48,6854.98,5570.96,38214451.94,6859.59
192,2020-04-22 00:00:00,6850.6,7171.26,6819.59,7137.79,6273.41,44249617.74,7053.52
193,2020-04-23 00:00:00,7138.29,7756.69,7031.07,7484.58,14779.55,109374199.45,7400.38
194,2020-04-24 00:00:00,7494.2,7612.91,7391.57,7505.53,7357.11,55377242.13,7527.04
195,2020-04-25 00:00:00,7518.81,7723.77,7432.8,7547.56,3800.83,28741430.1,7561.89
196,2020-04-26 00:00:00,7565.0,7718.0,7485.0,7701.73,5247.54,39949338.76,7612.96
197,2020-04-27 00:00:00,7708.87,7813.68,7637.03,7786.41,6878.02,53067907.41,7715.58
198,2020-04-28 00:00:00,7794.22,7798.42,7650.0,7767.79,7248.96,55957597.43,7719.4
199,2020-04-29 00:00:00,7762.07,8970.0,7717.14,8790.32,26396.1,219862359.85,8329.35
200,2020-04-30 00:00:00,8789.79,9485.26,8407.0,8627.32,24057.74,214743005.89,8926.15
201,2020-05-01 00:00:00,8629.72,9075.0,8616.17,8832.44,11379.69,100246596.31,8809.26
202,2020-05-02 00:00:00,8836.0,9022.0,8760.0,8983.79,5524.27,49175891.32,8901.79
203,2020-05-03 00:00:00,8982.56,9207.82,8723.78,8915.98,9218.27,82923756.88,8995.58
204,2020-05-04 00:00:00,8924.14,8974.34,8528.42,8882.87,10018.97,87869078.41,8770.27
205,2020-05-05 00:00:00,8889.24,9120.0,8760.1,9034.85,9592.13,85676075.46,8931.91
206,2020-05-06 00:00:00,9040.0,9417.95,8921.03,9154.32,15110.94,139147123.7,9208.37
207,2020-05-07 00:00:00,9163.63,10074.0,9030.03,10000.0,25012.9,241313478.93,9647.56
208,2020-05-08 00:00:00,10008.19,10048.38,9725.0,9801.35,19203.48,190431352.84,9916.5
209,2020-05-09 00:00:00,9809.04,9914.0,9515.4,9546.56,11278.63,109506263.43,9709.18
210,2020-05-10 00:00:00,9527.31,9565.2,8109.0,8731.17,31639.43,274667237.43,8681.17
211,2020-05-11 00:00:00,8740.88,9182.97,8181.0,8571.98,34465.19,299207513.01,8681.44
212,2020-05-12 00:00:00,8574.19,8984.87,8534.97,8825.46,14010.26,123118461.28,8787.73
213,2020-05-13 00:00:00,8816.99,9418.46,8804.47,9315.5,12762.85,116070755.77,9094.42
214,2020-05-14 00:00:00,9323.73,9945.34,9254.85,9793.5,19936.19,192594447.17,9660.55
215,2020-05-15 00:00:00,9809.91,9844.66,9112.0,9306.21,17324.14,164450498.65,9492.56
216,2020-05-16 00:00:00,9307.43,9590.0,9216.08,9389.07,6170.1,58076014.31,9412.5
217,2020-05-17 00:00:00,9377.79,9894.88,9326.53,9665.7,9515.79,92332110.81,9703.04
218,2020-05-18 00:00:00,9672.95,9966.12,9451.2,9721.91,12362.33,120325308.22,9733.22
219,2020-05-19 00:00:00,9730.0,9903.89,9455.05,9787.65,12149.69,117603182.46,9679.52
220,2020-05-20 00:00:00,9776.3,9843.87,9100.0,9516.51,12351.43,118302861.45,9578.07
221,2020-05-21 00:00:00,9505.61,9573.29,8800.0,9062.47,16879.83,154720870.13,9166.02
222,2020-05-22 00:00:00,9062.25,9272.97,8924.91,9171.96,7261.28,66290367.84,9129.29
223,2020-05-23 00:00:00,9171.96,9316.12,9084.83,9183.46,3477.28,31965817.4,9192.77
224,2020-05-24 00:00:00,9183.93,9310.91,8669.0,8718.77,8855.48,79788785.68,9010.11
225,2020-05-25 00:00:00,8710.12,8984.16,8630.0,8903.56,8919.92,78497049.75,8800.19
226,2020-05-26 00:00:00,8903.22,9012.0,8690.0,8840.91,5923.01,52400584.28,8846.96
227,2020-05-27 00:00:00,8835.79,9230.21,8810.99,9210.0,6867.67,62443847.94,9092.43
228,2020-05-28 00:00:00,9209.99,9625.01,9105.79,9577.38,11523.41,108191478.21,9388.84
229,2020-05-29 00:00:00,9581.49,9610.0,9330.0,9421.04,7226.77,68321538.63,9453.95
230,2020-05-30 00:00:00,9428.52,9758.27,9326.28,9705.1,6781.84,64706290.97,9541.11
231,2020-05-31 00:00:00,9705.1,9711.7,9373.96,9446.19,5698.0,54324245.54,9533.92
232,2020-06-01 00:00:00,9444.61,10429.26,9416.5,10203.64,12109.14,119481686.45,9867.07
233,2020-06-02 00:00:00,10203.64,10241.26,9135.68,9525.73,22725.12,222782211.57,9803.35
234,2020-06-03 00:00:00,9522.52,9699.95,9380.99,9668.99,6928.76,66167333.67,9549.66
235,2020-06-04 00:00:00,9668.0,9888.0,9430.0,9791.92,8938.77,86806501.29,9711.24
236,2020-06-05 00:00:00,9791.0,9856.48,9592.74,9619.99,7157.37,69598704.37,9724.06
237,2020-06-06 00:00:00,9616.17,9744.39,9525.76,9669.85,4047.27,38944240.62,9622.35
238,2020-06-07 00:00:00,9673.08,9829.31,9356.0,9750.04,6762.65,64865372.78,9591.71
239,2020-06-08 00:00:00,9759.04,9813.67,9645.0,9783.0,5379.08,52321749.26,9726.9
240,2020-06-09 00:00:00,9786.64,9897.46,9566.81,9776.84,6922.8,67296776.41,9721.04
241,2020-06-10 00:00:00,9782.3,10011.4,9578.0,9894.32,7107.2,69805944.46,9821.86
242,2020-06-11 00:00:00,9894.32,9981.24,9078.91,9264.26,16389.44,156090301.99,9523.83
243,2020-06-12 00:00:00,9265.95,9555.0,9230.0,9463.07,6934.14,65258966.27,9411.26
244,2020-06-13 00:00:00,9465.92,9500.0,9345.71,9473.46,2938.68,27705239.61,9427.78
245,2020-06-14 00:00:00,9478.93,9479.59,9235.01,9329.99,3477.25,32581551.05,9369.91
246,2020-06-15 00:00:00,9329.99,9505.4,8900.0,9435.15,11765.11,108092261.86,9187.52
247,2020-06-16 00:00:00,9435.41,9596.31,9374.9,9530.3,6864.22,65155250.36,9492.01
248,2020-06-17 00:00:00,9530.62,9566.53,9230.32,9461.29,5902.37,55634030.64,9425.72
249,2020-06-18 00:00:00,9459.82,9478.69,9250.0,9374.78,3997.01,37553641.92,9395.43
250,2020-06-19 00:00:00,9374.83,9429.99,9225.15,9304.32,5305.91,49452467.2,9320.27
251,2020-06-20 00:00:00,9287.6,9400.0,9138.0,9355.46,3071.79,28573341.43,9301.84
252,2020-06-21 00:00:00,9355.93,9421.26,9271.52,9283.03,1435.21,13411174.02,9344.39
253,2020-06-22 00:00:00,9287.89,9798.76,9267.2,9683.12,6615.65,63078286.44,9534.71
254,2020-06-23 00:00:00,9688.26,9725.3,9571.0,9622.81,4866.11,46909443.28,9640.02
255,2020-06-24 00:00:00,9617.88,9666.35,9193.99,9286.06,10072.58,94516911.2,9383.59
256,2020-06-25 00:00:00,9286.3,9343.49,8989.0,9239.48,8701.25,80007371.47,9194.93
257,2020-06-26 00:00:00,9237.98,9289.71,9024.61,9158.26,7912.38,72394589.37,9149.53
258,2020-06-27 00:00:00,9158.13,9189.0,8830.63,9009.3,4399.68,39682291.38,9019.37
259,2020-06-28 00:00:00,9008.33,9191.72,8933.06,9118.01,3231.86,29337702.62,9077.66
260,2020-06-29 00:00:00,9118.8,9240.36,9014.92,9188.88,4942.73,45004912.08,9105.28
261,2020-06-30 00:00:00,9187.85,9201.95,9060.0,9132.96,2781.63,25424763.41,9140.24
262,2020-07-01 00:00:00,9136.89,9300.0,9089.8,9233.38,4321.57,39791807.48,9207.73
263,2020-07-02 00:00:00,9230.97,9268.54,8939.0,9092.92,6866.05,62528364.8,9106.89
264,2020-07-03 00:00:00,9091.68,9127.11,9027.17,9063.08,3510.0,31905807.44,9089.96
265,2020-07-04 00:00:00,9053.87,9196.0,9045.94,9138.52,2180.37,19850822.9,9104.33
266,2020-07-05 00:00:00,9142.16,9147.37,8905.0,9076.82,3067.88,27761771.27,9049.18
267,2020-07-06 00:00:00,9077.18,9376.34,9060.5,9348.22,5361.35,49559304.52,9243.81
268,2020-07-07 00:00:00,9346.9,9385.81,9201.78,9257.16,4702.83,43560405.95,9262.6
269,2020-07-08 00:00:00,9257.21,9479.57,9228.91,9437.16,6275.55,58669357.69,9348.88
270,2020-07-09 00:00:00,9441.76,9448.5,9157.11,9234.9,4575.45,42541096.4,9297.69
271,2020-07-10 00:00:00,9234.91,9318.92,9053.14,9283.53,3910.33,35920454.04,9186.05
272,2020-07-11 00:00:00,9291.0,9304.95,9180.0,9238.3,1453.17,13418262.17,9233.82
273,2020-07-12 00:00:00,9234.07,9347.76,9153.48,9306.17,2037.15,18855332.75,9255.72
274,2020-07-13 00:00:00,9304.94,9351.17,9190.49,9233.1,3875.17,35960270.75,9279.66
275,2020-07-14 00:00:00,9234.19,9282.08,9095.0,9251.59,4479.91,41285831.29,9215.77
276,2020-07-15 00:00:00,9256.33,9276.98,9153.38,9190.07,3810.05,35100830.99,9212.7
277,2020-07-16 00:00:00,9191.0,9217.5,9026.51,9132.87,5541.85,50474457.26,9107.87
278,2020-07-17 00:00:00,9134.44,9184.28,9073.53,9156.5,3593.5,32814246.99,9131.56
279,2020-07-18 00:00:00,9150.51,9214.63,9122.72,9177.43,1358.29,12449177.45,9165.36
280,2020-07-19 00:00:00,9175.7,9243.36,9106.3,9211.99,1585.4,14518309.98,9157.51
281,2020-07-20 00:00:00,9213.15,9224.73,9128.21,9162.43,3064.81,28118444.21,9174.62
282,2020-07-21 00:00:00,9161.77,9442.89,9152.23,9391.25,5559.47,51926108.51,9340.11
283,2020-07-22 00:00:00,9395.98,9573.0,9280.8,9539.51,5520.76,51836755.69,9389.42
284,2020-07-23 00:00:00,9537.23,9690.0,9453.38,9617.2,10413.94,99406145.74,9545.49
285,2020-07-24 00:00:00,9614.85,9650.55,9474.35,9547.91,8012.91,76622832.6,9562.43
286,2020-07-25 00:00:00,9549.34,9751.82,9532.79,9710.98,5065.45,48814031.53,9636.66
287,2020-07-26 00:00:00,9712.45,10200.0,9657.0,9944.65,9090.21,90135501.79,9915.66
288,2020-07-27 00:00:00,9941.25,11417.11,9933.77,11046.19,27736.83,292753089.6,10554.67
289,2020-07-28 00:00:00,11049.4,11263.85,10583.48,10939.27,17062.37,187091285.1,10965.14
290,2020-07-29 00:00:00,10931.91,11358.47,10855.81,11111.17,12452.86,138589548.02,11129.13
291,2020-07-30 00:00:00,11105.01,11189.0,10832.0,11112.12,10456.85,115275100.38,11023.89
292,2020-07-31 00:00:00,11110.84,11457.95,10973.8,11356.74,10417.51,117100831.15,11240.77
293,2020-08-01 00:00:00,11357.98,11883.36,11228.0,11817.49,11195.81,130224577.62,11631.55
294,2020-08-02 00:00:00,11808.21,12100.0,10559.59,11071.66,12656.41,142785762.42,11281.69
295,2020-08-03 00:00:00,11074.92,11480.0,10933.26,11236.39,6984.67,78813104.71,11283.73
296,2020-08-04 00:00:00,11236.39,11420.0,11000.79,11192.42,5522.11,61940578.47,11216.83
297,2020-08-05 00:00:00,11193.48,11795.86,11094.35,11755.24,7514.79,86847559.79,11556.88
298,2020-08-06 00:00:00,11759.9,11913.5,11575.57,11770.08,9855.99,115864299.62,11755.72
299,2020-08-07 00:00:00,11770.26,11920.0,11219.0,11600.85,10503.36,122342727.37,11647.96
300,2020-08-08 00:00:00,11601.75,11817.95,11527.0,11776.9,3983.75,46582799.67,11693.21
301,2020-08-09 00:00:00,11767.93,11808.28,11527.92,11683.03,2649.49,30909847.9,11666.34
302,2020-08-10 00:00:00,11684.6,12080.0,11510.0,11895.12,7701.73,91514254.01,11882.3
303,2020-08-11 00:00:00,11896.37,11945.05,11130.0,11392.64,10470.69,120956546.54,11551.92
304,2020-08-12 00:00:00,11386.5,11625.0,11150.0,11565.35,5668.6,64989838.17,11464.88
305,2020-08-13 00:00:00,11567.74,11806.61,11270.91,11793.26,6839.55,78891169.32,11534.55
306,2020-08-14 00:00:00,11797.55,11862.0,11652.01,11779.77,5526.8,64934759.24,11749.08
307,2020-08-15 00:00:00,11771.97,11986.93,11667.7,11852.2,3983.18,47294347.31,11873.53
308,2020-08-16 00:00:00,11858.6,11938.55,11685.97,11914.02,2494.17,29525249.63,11837.71
309,2020-08-17 00:00:00,11916.83,12473.0,11771.44,12298.38,9778.33,118965074.54,12166.2
310,2020-08-18 00:00:00,12301.27,12408.53,11823.0,11958.1,8818.19,106555723.86,12083.63
311,2020-08-19 00:00:00,11950.0,12022.18,11574.4,11757.55,9401.5,110701736.98,11774.9
312,2020-08-20 00:00:00,11762.18,11894.12,11675.29,11859.37,4191.76,49473772.45,11802.63
313,2020-08-21 00:00:00,11857.18,11887.67,11485.49,11531.74,6391.18,74905546.02,11720.14
314,2020-08-22 00:00:00,11527.81,11694.02,11367.0,11667.7,3401.42,39269409.68,11545.0
315,2020-08-23 00:00:00,11678.17,11715.09,11524.7,11644.65,1632.87,18977422.92,11622.12
316,2020-08-24 00:00:00,11653.7,11832.55,11588.61,11761.8,2887.06,33911948.54,11746.2
317,2020-08-25 00:00:00,11750.4,11772.22,11112.75,11328.88,7073.69,80762613.33,11417.32
318,2020-08-26 00:00:00,11328.5,11549.8,11250.14,11469.3,4273.08,48637801.86,11382.38
319,2020-08-27 00:00:00,11462.91,11602.92,11122.72,11330.0,7796.16,88467523.2,11347.58
320,2020-08-28 00:00:00,11332.26,11555.61,11277.95,11536.58,6046.5,69254870.55,11453.72
321,2020-08-29 00:00:00,11538.74,11592.0,11423.64,11471.71,2095.94,24123105.95,11509.47
322,2020-08-30 00:00:00,11471.71,11715.69,11458.62,11708.97,2328.66,27068361.45,11624.02
323,2020-08-31 00:00:00,11713.11,11780.0,11573.39,11655.0,4534.22,52999207.96,11688.72
324,2020-09-01 00:00:00,11658.48,12065.82,11515.0,11923.96,7960.82,94697974.81,11895.5
325,2020-09-02 00:00:00,11919.53,11956.45,11155.32,11398.44,13056.07,149589893.22,11457.5
326,2020-09-03 00:00:00,11395.1,11477.35,9987.86,10160.0,18554.73,199600735.77,10757.4
327,2020-09-04 00:00:00,10160.0,10646.75,9902.43,10456.32,17415.36,180567453.37,10368.29
328,2020-09-05 00:00:00,10460.2,10567.9,9850.0,10167.19,12165.47,124026091.02,10194.93
329,2020-09-06 00:00:00,10165.47,10353.39,10000.0,10260.17,5121.25,52194906.94,10191.83
330,2020-09-07 00:00:00,10258.43,10415.66,9880.0,10377.14,8725.09,88189272.89,10107.55
331,2020-09-08 00:00:00,10377.5,10446.18,9825.07,10123.96,10560.87,106644193.93,10098.05
332,2020-09-09 00:00:00,10126.01,10353.39,9981.38,10232.8,5872.22,59881808.62,10197.47
333,2020-09-10 00:00:00,10221.76,10495.75,10220.0,10342.59,10223.19,105719876.58,10341.18
334,2020-09-11 00:00:00,10341.38,10409.44,10200.5,10393.04,5245.74,54033653.85,10300.48
335,2020-09-12 00:00:00,10400.46,10482.42,10275.0,10443.33,2509.24,26026019.88,10372.07
336,2020-09-13 00:00:00,10446.4,10576.78,10214.9,10334.78,4325.11,44764868.74,10350.01
337,2020-09-14 00:00:00,10338.82,10765.03,10250.13,10675.15,7325.23,77266025.82,10547.93
338,2020-09-15 00:00:00,10671.4,10940.01,10611.17,10783.83,6456.66,69707532.15,10796.22
339,2020-09-16 00:00:00,10785.0,11100.0,10662.81,10951.54,8300.24,90789916.42,10938.23
340,2020-09-17 00:00:00,10950.15,11054.0,10739.23,10940.47,5525.72,60068052.25,10870.63
341,2020-09-18 00:00:00,10947.35,11040.18,10816.54,10931.2,4398.92,48037947.48,10920.38
342,2020-09-19 00:00:00,10935.49,11183.01,10890.53,11077.22,2253.35,24883441.33,11042.86
343,2020-09-20 00:00:00,11070.84,11079.25,10755.9,10923.5,3250.02,35438004.62,10903.94
344,2020-09-21 00:00:00,10921.53,10996.98,10286.56,10411.29,9948.02,105170547.94,10572.01
345,2020-09-22 00:00:00,10418.83,10573.05,10353.39,10534.31,4800.6,50241913.21,10465.76
346,2020-09-23 00:00:00,10525.72,10541.39,10138.3,10233.42,5711.36,59279113.12,10379.16
347,2020-09-24 00:00:00,10236.86,10795.53,10193.2,10744.02,6703.92,70427765.15,10505.46
348,2020-09-25 00:00:00,10738.46,10762.65,10553.14,10689.81,6346.72,67663104.89,10661.11
349,2020-09-26 00:00:00,10694.23,10830.0,10655.29,10729.09,2550.32,27347735.93,10723.27
350,2020-09-27 00:00:00,10731.09,10807.14,10593.58,10780.66,2286.86,24496017.09,10711.63
351,2020-09-28 00:00:00,10779.99,10950.0,10628.52,10689.48,4991.57,54261165.88,10870.56
352,2020-09-29 00:00:00,10681.41,10865.0,10636.66,10836.42,4029.39,43240291.78,10731.22
353,2020-09-30 00:00:00,10840.0,10847.5,10658.56,10778.22,4304.62,46247317.6,10743.64
354,2020-10-01 00:00:00,10780.83,10940.22,10437.08,10622.71,8678.35,92766078.67,10689.37
355,2020-10-02 00:00:00,10611.17,10667.53,10380.0,10578.54,8333.46,87627773.65,10515.17
356,2020-10-03 00:00:00,10571.6,10605.79,10500.0,10553.66,1134.8,11975845.62,10553.29
357,2020-10-04 00:00:00,10543.17,10699.88,10524.81,10669.63,1057.78,11238120.45,10624.3
358,2020-10-05 00:00:00,10666.16,10805.82,10620.71,10795.0,3618.02,38756784.1,10712.17
359,2020-10-06 00:00:00,10797.36,10801.86,10525.0,10606.33,4800.7,51103858.73,10645.1
360,2020-10-07 00:00:00,10602.31,10682.56,10547.71,10669.14,5560.25,59068239.87,10623.31
361,2020-10-08 00:00:00,10669.1,10957.0,10535.06,10925.2,6969.04,75109562.94,10777.6
362,2020-10-09 00:00:00,10927.02,11118.49,10826.4,11052.0,5355.34,58978316.71,11012.99
363,2020-10-10 00:00:00,11060.46,11496.06,11059.62,11301.2,3270.37,37090500.87,11341.38
364,2020-10-11 00:00:00,11300.97,11447.44,11272.11,11372.93,2177.65,24760115.52,11370.1
365,2020-10-12 00:00:00,11372.48,11731.7,11175.99,11535.98,7088.23,81272304.47,11465.81
366,2020-10-13 00:00:00,11539.42,11567.4,11314.53,11427.98,5097.96,58286126.94,11433.22
367,2020-10-14 00:00:00,11440.28,11555.1,11287.42,11428.84,3788.25,43215383.86,11407.74
368,2020-10-15 00:00:00,11430.49,11623.6,11250.01,11511.11,4864.43,55519244.9,11413.31
369,2020-10-16 00:00:00,11506.53,11548.65,11200.0,11321.86,4309.22,48847324.61,11335.53
370,2020-10-17 00:00:00,11331.88,11415.48,11264.01,11365.8,1124.42,12751808.46,11340.79
371,2020-10-18 00:00:00,11363.4,11526.34,11352.79,11519.97,1047.17,11987530.53,11447.56
372,2020-10-19 00:00:00,11518.58,11840.0,11409.94,11764.14,5459.93,63658430.8,11659.19
373,2020-10-20 00:00:00,11759.2,12059.94,11680.0,11921.11,5859.84,69612470.31,11879.59
374,2020-10-21 00:00:00,11921.33,13235.0,11899.1,12802.67,20093.61,252863284.87,12584.26
375,2020-10-22 00:00:00,12802.63,13208.25,12686.73,12983.26,9277.56,120267676.23,12963.28
376,2020-10-23 00:00:00,12983.26,13037.26,12729.82,12941.59,4996.4,64526705.98,12914.65
377,2020-10-24 00:00:00,12940.03,13182.83,12887.38,13122.73,2820.82,36821705.67,13053.53
378,2020-10-25 00:00:00,13115.18,13363.53,12903.74,13039.09,3658.6,47845374.45,13077.5
379,2020-10-26 00:00:00,13041.12,13250.0,12773.5,13066.73,5725.2,74788651.05,13063.07
380,2020-10-27 00:00:00,13065.1,13788.0,13057.09,13647.9,11242.75,151171567.91,13446.13
381,2020-10-28 00:00:00,13642.31,13864.89,12892.0,13274.73,10670.86,142691342.5,13372.05
382,2020-10-29 00:00:00,13275.82,13650.0,12993.0,13468.44,8894.96,118490203.35,13321.05
383,2020-10-30 00:00:00,13456.14,13675.56,13129.26,13562.13,8981.12,120405656.89,13406.53
384,2020-10-31 00:00:00,13569.42,14100.0,13420.97,13816.08,6337.39,87241558.79,13766.16
385,2020-11-01 00:00:00,13799.44,13907.47,13629.31,13762.0,2534.09,34875344.36,13762.5
386,2020-11-02 00:00:00,13762.0,13842.5,13220.0,13563.72,7065.41,95702657.74,13545.24
387,2020-11-03 00:00:00,13578.82,14083.76,13287.7,14041.58,7225.87,98510026.22,13632.97
388,2020-11-04 00:00:00,14041.58,14277.5,13520.87,14160.59,10926.33,151965232.2,13908.17
389,2020-11-05 00:00:00,14168.49,15770.58,14100.0,15605.04,18422.63,275183510.53,14937.25
390,2020-11-06 00:00:00,15608.32,15968.98,15196.01,15598.09,13479.47,209882776.61,15570.55
391,2020-11-07 00:00:00,15603.28,15778.6,14351.0,14838.97,10933.92,164850613.39,15076.99
392,2020-11-08 00:00:00,14829.32,15664.9,14727.19,15489.15,5046.5,76984757.68,15255.08
393,2020-11-09 00:00:00,15484.68,15854.48,14824.66,15332.04,14466.08,222261730.9,15364.34
394,2020-11-10 00:00:00,15349.32,15482.76,15092.47,15313.65,8966.48,137414341.91,15325.34
395,2020-11-11 00:00:00,15314.94,15991.01,15290.85,15707.89,10013.26,156732759.25,15652.51
396,2020-11-12 00:00:00,15702.0,16369.99,15481.0,16300.0,16261.47,259198499.72,15939.42
397,2020-11-13 00:00:00,16300.0,16494.52,15970.33,16335.58,7843.22,127681269.23,16279.18
398,2020-11-14 00:00:00,16339.06,16341.89,15715.1,16086.34,5046.33,80655331.91,15982.98
399,2020-11-15 00:00:00,16092.8,16170.0,15786.46,15975.49,3225.71,51544809.35,15979.39
400,2020-11-16 00:00:00,15975.49,16894.93,15875.5,16724.62,7511.71,123266891.1,16409.95
401,2020-11-17 00:00:00,16727.85,17868.0,16570.0,17680.63,9824.74,169577027.74,17260.21
402,2020-11-18 00:00:00,17681.77,18483.0,17041.47,17785.95,15717.92,280945357.61,17874.21
403,2020-11-19 00:00:00,17792.96,18189.97,17346.62,17825.47,10506.7,186936815.96,17792.16
404,2020-11-20 00:00:00,17822.37,18824.88,17755.81,18687.65,10020.01,184068115.5,18370.05
405,2020-11-21 00:00:00,18685.08,18977.0,18333.45,18725.0,5937.51,111093107.9,18710.4
406,2020-11-22 00:00:00,18726.43,18770.55,17600.0,18435.2,6417.22,117382677.73,18291.83
407,2020-11-23 00:00:00,18432.6,18786.31,18001.95,18383.35,9412.09,173587680.28,18443.06
408,2020-11-24 00:00:00,18386.92,19442.13,18068.56,19160.85,13262.83,251204225.16,18940.47
409,2020-11-25 00:00:00,19175.13,19490.0,18470.91,18732.43,8962.62,170770460.46,19053.63
410,2020-11-26 00:00:00,18727.24,18911.04,16218.0,17160.09,21424.99,367461144.57,17151.06
411,2020-11-27 00:00:00,17168.31,17471.89,16435.47,17154.39,8964.83,151877681.86,16941.5
412,2020-11-28 00:00:00,17160.38,17896.03,16875.01,17741.79,4471.52,77855085.76,17411.32
413,2020-11-29 00:00:00,17724.41,18352.47,17534.87,18192.03,3736.16,67393875.41,18038.28
414,2020-11-30 00:00:00,18196.75,19864.15,18196.75,19700.19,10612.67,202854958.36,19114.41
415,2020-12-01 00:00:00,19703.53,19918.01,18100.0,18771.43,11799.59,225745303.6,19131.62
416,2020-12-02 00:00:00,18773.21,19346.9,18334.0,19226.55,6749.36,127787962.16,18933.33
417,2020-12-03 00:00:00,19220.09,19621.0,18881.62,19448.4,6196.53,119698552.79,19317.04
418,2020-12-04 00:00:00,19439.94,19552.5,18573.89,18673.76,6261.7,119320703.11,19055.65
419,2020-12-05 00:00:00,18650.08,19185.17,18500.0,19162.16,2376.72,45099564.95,18975.52
420,2020-12-06 00:00:00,19162.17,19418.39,18870.62,19380.58,2503.45,47970667.29,19161.79
421,2020-12-07 00:00:00,19385.13,19431.0,18905.0,19173.5,4323.27,82914592.37,19178.67
422,2020-12-08 00:00:00,19183.13,19300.55,18163.52,18316.43,5979.97,112420360.67,18799.5
423,2020-12-09 00:00:00,18311.31,18654.92,17640.33,18556.64,8906.95,162438255.41,18237.26
424,2020-12-10 00:00:00,18546.38,18562.13,17908.0,18250.3,6784.46,123858294.23,18256.19
425,2020-12-11 00:00:00,18250.3,18290.43,17569.58,18040.02,6687.92,119696677.08,17897.44
426,2020-12-12 00:00:00,18031.23,18956.46,18022.55,18815.63,3515.33,65052423.89,18505.37
427,2020-12-13 00:00:00,18806.83,19416.64,18628.1,19162.36,4251.96,81378675.48,19139.09
428,2020-12-14 00:00:00,19151.82,19346.9,18979.21,19274.33,3618.38,69353305.92,19166.97
429,2020-12-15 00:00:00,19274.33,19567.84,19050.0,19434.87,6750.77,130572007.93,19341.79
430,2020-12-16 00:00:00,19434.55,21576.76,19277.66,21365.7,14974.62,305411951.27,20395.3
431,2020-12-17 00:00:00,21358.96,23777.0,21244.04,22814.24,22626.69,515466569.05,22781.35
432,2020-12-18 00:00:00,22829.89,23284.68,22360.93,23136.14,11360.34,259866354.57,22874.88
433,2020-12-19 00:00:00,23142.05,24217.38,22719.78,23842.99,8672.04,203709712.93,23490.41
434,2020-12-20 00:00:00,23842.38,24298.04,23092.77,23470.85,5095.96,120302318.26,23607.38
435,2020-12-21 00:00:00,23470.85,24123.83,21864.86,22732.01,12675.13,291898841.06,23029.26
436,2020-12-22 00:00:00,22750.07,23843.21,22383.59,23835.1,9367.61,216786900.44,23142.18
437,2020-12-23 00:00:00,23819.08,24096.9,22624.92,23247.71,11541.97,271104879.96,23488.62
438,2020-12-24 00:00:00,23215.0,23779.14,22700.1,23726.28,7185.48,166747478.67,23206.16
439,2020-12-25 00:00:00,23747.22,24777.0,23403.82,24705.15,6469.23,156127792.99,24133.91
440,2020-12-26 00:00:00,24714.01,26809.5,24485.32,26466.28,7491.46,191884953.51,25613.82
441,2020-12-27 00:00:00,26472.89,28377.94,25770.0,26259.6,13234.33,358402043.14,27081.23
442,2020-12-28 00:00:00,26242.82,27473.49,26079.6,27037.91,7987.78,215371703.98,26962.66
443,2020-12-29 00:00:00,27037.9,27395.0,25831.85,27370.0,9577.28,255273840.61,26654.11
444,2020-12-30 00:00:00,27370.0,29010.32,27328.37,28881.3,11741.73,330879918.31,28179.82
445,2020-12-31 00:00:00,28893.21,29300.0,27930.75,28992.79,9477.68,273138207.62,28819.11
446,2021-01-01 00:00:00,28999.63,29700.0,28720.0,29402.64,8781.47,257112705.02,29279.02
447,2021-01-02 00:00:00,29410.77,33333.0,29050.0,32216.53,17867.88,560132127.87,31348.55
448,2021-01-03 00:00:00,32216.51,34800.0,31977.45,33097.83,14160.58,473869490.4,33463.99
449,2021-01-04 00:00:00,33068.83,33669.76,27734.0,32005.88,22446.94,698096326.1,31099.84
450,2021-01-05 00:00:00,32054.23,34500.0,29936.26,34039.05,14806.5,478865488.76,32341.58
451,2021-01-06 00:00:00,34081.24,37050.83,33348.27,36849.94,19219.29,672280072.65,34979.45
452,2021-01-07 00:00:00,36875.96,40402.46,36327.5,39510.49,23102.26,884801285.59,38299.34
453,2021-01-08 00:00:00,39510.59,42000.0,36618.36,40667.07,22183.95,887158778.46,39991.02
454,2021-01-09 00:00:00,40682.76,41422.77,38788.16,40239.06,8535.85,344406738.02,40348.28
455,2021-01-10 00:00:00,40239.06,41450.0,34322.07,38173.73,16219.0,625303825.33,38553.79
456,2021-01-11 00:00:00,38164.88,38261.39,30261.13,35455.58,40786.96,1369433668.2,33575.28
457,2021-01-12 00:00:00,35449.71,36639.23,32479.91,34035.02,18267.87,635329603.58,34778.52
458,2021-01-13 00:00:00,34035.02,37800.0,32327.76,37393.49,13662.39,474782173.76,34751.04
459,2021-01-14 00:00:00,37393.49,40112.78,36717.23,39134.35,10923.5,421721110.06,38606.76
460,2021-01-15 00:00:00,39147.98,39694.0,34380.0,36756.57,13499.12,496821058.3,36803.97
461,2021-01-16 00:00:00,36778.66,37944.12,35350.0,36000.0,7688.58,282920940.58,36797.54
462,2021-01-17 00:00:00,36013.51,36839.0,33833.55,35819.25,6821.71,241414408.93,35389.12
463,2021-01-18 00:00:00,35826.36,37449.86,34777.85,36616.95,6251.21,225869723.74,36132.13
464,2021-01-19 00:00:00,36665.82,37874.71,35888.0,35917.62,6578.86,242901589.42,36921.54
465,2021-01-20 00:00:00,35888.13,36440.1,33400.0,35496.91,12160.47,423937676.54,34861.96
466,2021-01-21 00:00:00,35516.17,35620.96,30044.16,30818.18,21214.64,685698441.17,32321.94
467,2021-01-22 00:00:00,30817.86,33864.85,28800.0,32992.06,17019.58,533796043.83,31363.64
468,2021-01-23 00:00:00,32989.1,33468.46,31426.11,32117.49,5255.75,169926965.0,32331.66
469,2021-01-24 00:00:00,32098.38,33075.75,30960.77,32288.83,4658.71,149505960.2,32091.71
470,2021-01-25 00:00:00,32289.06,34888.0,31939.12,32261.22,10038.76,336155467.24,33485.77
471,2021-01-26 00:00:00,32264.15,32953.28,30847.4,32504.53,11554.91,369700342.66,31995.08
472,2021-01-27 00:00:00,32521.65,32580.12,29150.49,30424.62,22403.71,690250535.6,30809.66
473,2021-01-28 00:00:00,30427.34,33870.58,29899.99,33484.87,17879.36,571659889.84,31973.18
474,2021-01-29 00:00:00,33488.66,38620.0,31990.0,34249.64,31439.62,1118437871.48,35574.15
475,2021-01-30 00:00:00,34265.71,34931.39,32860.0,34323.0,7281.29,247478982.84,33988.36
476,2021-01-31 00:00:00,34300.19,34380.21,32193.7,33141.38,4750.12,158177584.18,33299.68
477,2021-02-01 00:00:00,33110.32,34736.1,32333.01,33532.74,8374.06,282967656.28,33790.99
478,2021-02-02 00:00:00,33497.16,36008.67,33431.67,35522.16,7225.87,251901236.88,34861.05
479,2021-02-03 00:00:00,35496.91,37732.87,35382.45,37691.63,8777.33,321601925.43,36640.05
480,2021-02-04 00:00:00,37693.0,38748.52,36197.65,36996.32,11762.8,440616261.38,37458.44
481,2021-02-05 00:00:00,36984.28,38359.69,36618.36,38320.0,5211.97,196644312.09,37729.33
482,2021-02-06 00:00:00,38320.0,41025.48,38230.81,39282.1,8635.66,344009199.11,39835.89
483,2021-02-07 00:00:00,39274.8,39727.44,37412.93,38858.39,5973.24,230396414.04,38571.43
484,2021-02-08 00:00:00,38870.36,46712.12,38050.97,46416.45,19053.71,820630078.34,43069.3
485,2021-02-09 00:00:00,46445.51,48216.09,45000.0,46505.2,12505.08,584053282.64,46705.27
486,2021-02-10 00:00:00,46493.9,47364.09,43746.06,44854.63,9483.33,432009473.92,45554.62
487,2021-02-11 00:00:00,44854.63,48696.84,44040.96,47981.48,9390.82,440171574.48,46872.56
488,2021-02-12 00:00:00,48044.88,49000.0,46231.16,47395.84,5970.14,283871530.3,47548.59
489,2021-02-13 00:00:00,47424.25,48220.0,46133.0,47228.48,4271.67,201291070.81,47122.31
490,2021-02-14 00:00:00,47258.66,49714.66,47081.02,48662.5,5201.69,253563723.51,48746.38
491,2021-02-15 00:00:00,48620.48,49048.82,45914.75,47942.57,6924.33,329015293.13,47515.8
492,2021-02-16 00:00:00,47954.05,50602.53,47036.02,49166.53,8376.08,410409532.97,48997.83
493,2021-02-17 00:00:00,49136.7,52640.0,48896.19,52174.28,9571.65,488157711.35,51000.38
494,2021-02-18 00:00:00,52141.23,52566.98,50869.61,51579.54,6330.14,328222293.62,51850.69
495,2021-02-19 00:00:00,51560.46,56399.99,50627.32,55988.58,9229.78,497300982.01,53880.03
496,2021-02-20 00:00:00,56000.59,57553.81,54000.0,55936.04,5187.25,292226077.61,56335.45
497,2021-02-21 00:00:00,55919.75,58354.14,55537.99,57492.91,3562.97,203651061.88,57157.68
498,2021-02-22 00:00:00,57485.74,57564.19,47400.0,54173.65,17002.83,911155318.0,53588.44
499,2021-02-23 00:00:00,54173.64,54196.58,44845.72,48887.93,17766.4,859766472.9,48392.84
500,2021-02-24 00:00:00,48927.33,51459.51,47000.0,49754.0,8774.37,437575637.75,49869.77
501,2021-02-25 00:00:00,49715.13,52079.16,46723.0,47088.58,7920.69,394705022.15,49832.13
502,2021-02-26 00:00:00,47070.18,48476.62,44151.97,46314.83,8126.23,377583642.41,46464.81
503,2021-02-27 00:00:00,46324.15,48365.31,45050.0,46109.98,3071.57,144219099.22,46952.92
504,2021-02-28 00:00:00,46142.1,46659.88,43021.0,45240.96,6668.92,297110731.73,44551.56
505,2021-03-01 00:00:00,45261.56,49831.52,45020.25,49629.33,8512.76,408545516.05,47992.14
506,2021-03-02 00:00:00,49641.89,50250.0,47069.52,48516.35,4945.79,240307216.2,48588.25
507,2021-03-03 00:00:00,48438.0,52652.82,48168.45,50379.68,6151.49,312878268.25,50862.22
508,2021-03-04 00:00:00,50376.05,51817.54,47500.0,48360.5,5641.61,277946250.32,49267.17
509,2021-03-05 00:00:00,48353.09,49471.24,46294.0,48739.21,5219.25,248715104.5,47653.45
510,2021-03-06 00:00:00,48774.67,49200.0,47082.29,48904.63,2141.06,103397091.79,48292.47
511,2021-03-07 00:00:00,48933.12,51477.53,48933.12,50967.3,2818.45,142113260.95,50422.49
512,2021-03-08 00:00:00,50952.55,52427.8,49316.98,52427.8,4419.56,224764289.96,50856.7
513,2021-03-09 00:00:00,52427.8,54939.26,51857.0,54929.02,5428.89,293049381.26,53979.59
514,2021-03-10 00:00:00,54927.29,57402.89,53010.0,55852.29,6916.28,384921865.63,55654.48
515,2021-03-11 00:00:00,55918.09,58155.99,54269.0,57772.09,6640.49,374115964.6,56338.63
516,2021-03-12 00:00:00,57847.92,58098.5,55011.0,57271.04,5232.31,296734625.07,56711.97
517,2021-03-13 00:00:00,57297.67,61781.83,56080.96,61165.19,6187.83,369229473.63,59670.23
518,2021-03-14 00:00:00,61177.03,61700.0,58959.57,59016.39,3274.12,197852123.43,60429.06
519,2021-03-15 00:00:00,58956.9,60595.13,54555.0,55644.37,7725.21,441393192.83,57136.69
520,2021-03-16 00:00:00,55616.42,56950.0,53221.0,56908.34,7733.23,425732104.61,55052.32
521,2021-03-17 00:00:00,56928.38,58968.8,54124.0,58901.8,5840.08,328989895.67,56333.14
522,2021-03-18 00:00:00,58939.73,60083.25,57000.0,57648.05,5516.46,323184873.87,58585.51
523,2021-03-19 00:00:00,57648.01,59450.95,56279.34,58072.0,3523.48,205444123.77,58307.12
524,2021-03-20 00:00:00,58029.94,59957.0,57815.61,58138.39,2382.95,140165671.55,58820.34
525,2021-03-21 00:00:00,58072.87,58632.52,55500.0,57381.79,3628.8,207594290.21,57207.46
526,2021-03-22 00:00:00,57410.54,58461.78,53715.0,54070.92,6566.97,367675163.01,55988.58
527,2021-03-23 00:00:00,54117.71,55866.44,52933.03,54361.57,4996.46,272932193.41,54625.07
528,2021-03-24 00:00:00,54360.07,57207.33,51638.76,52287.52,6867.56,377085277.59,54908.15
529,2021-03-25 00:00:00,52281.77,53271.59,50360.0,51326.11,6682.62,346759323.04,51889.75
530,2021-03-26 00:00:00,51292.65,55114.86,51263.38,55081.37,4874.25,259910992.19,53323.27
531,2021-03-27 00:00:00,55081.26,56686.15,53948.35,55839.42,2609.97,144366052.02,55313.35
532,2021-03-28 00:00:00,55817.85,56573.04,54677.51,55790.92,2073.45,115465189.06,55687.49
533,2021-03-29 00:00:00,55790.28,58402.68,54892.42,57600.1,5360.43,306951542.4,57262.53
534,2021-03-30 00:00:00,57623.66,59388.66,57011.0,58760.59,3392.34,198361832.16,58473.48
535,2021-03-31 00:00:00,58767.75,59816.17,56713.45,58782.58,4595.25,269467568.88,58640.43
536,2021-04-01 00:00:00,58789.96,59490.0,57935.42,58728.53,2786.58,163922679.26,58825.74
537,2021-04-02 00:00:00,58744.0,60103.04,58450.0,59003.6,2564.6,152279790.21,59377.6
538,2021-04-03 00:00:00,58967.61,59801.39,56922.0,57064.42,1663.27,97443951.17,58585.83
539,2021-04-04 00:00:00,57064.13,58501.0,56466.25,58212.18,1440.63,82940646.5,57572.41
540,2021-04-05 00:00:00,58213.69,59280.0,56800.0,59125.0,2402.44,140036218.67,58289.23
541,2021-04-06 00:00:00,59135.36,59473.9,57216.0,58018.3,2711.4,158094310.14,58307.31
542,2021-04-07 00:00:00,58024.9,58668.0,55441.93,55932.83,5454.58,309187618.4,56684.07
543,2021-04-08 00:00:00,55912.38,58145.49,55680.4,58096.6,4586.81,262708078.4,57274.72
544,2021-04-09 00:00:00,58066.18,58890.25,57657.43,58109.56,2660.65,154927754.71,58229.33
545,2021-04-10 00:00:00,58129.02,61222.22,57870.0,59766.93,3917.95,235221060.94,60036.76
546,2021-04-11 00:00:00,59773.19,60679.0,59165.15,59979.26,1822.72,108992684.45,59796.71
547,2021-04-12 00:00:00,59972.26,61234.56,59361.11,59831.66,3707.44,223073719.7,60169.26
548,2021-04-13 00:00:00,59814.87,63769.0,59780.0,63564.48,5711.53,354930338.57,62142.81
549,2021-04-14 00:00:00,63605.69,64895.22,61327.0,62986.09,6002.89,380071318.57,63314.69
550,2021-04-15 00:00:00,62954.2,63855.37,61998.9,63239.19,3433.45,216131742.16,62948.87
551,2021-04-16 00:00:00,63247.24,63580.4,60042.04,61436.24,5778.82,355268677.28,61477.76
552,2021-04-17 00:00:00,61436.23,62596.48,59676.67,60032.29,3091.48,188928025.34,61112.41
553,2021-04-18 00:00:00,60048.82,60433.81,51541.16,56280.6,12869.86,715234836.74,55574.41
554,2021-04-19 00:00:00,56260.83,57633.0,54252.88,55694.55,5791.24,326058564.5,56302.04
555,2021-04-20 00:00:00,55694.55,57119.0,53400.0,56503.19,5863.88,325428136.65,55497.04
556,2021-04-21 00:00:00,56493.02,56850.0,53628.79,53806.24,4578.26,253524186.53,55375.7
557,2021-04-22 00:00:00,53823.48,55491.8,50450.01,51683.95,7838.96,418259265.85,53356.5
558,2021-04-23 00:00:00,51693.98,52131.34,47555.0,51176.65,11649.32,577912581.65,49609.13
559,2021-04-24 00:00:00,51177.77,51227.38,48713.34,50118.94,3445.14,172117188.17,49959.47
560,2021-04-25 00:00:00,50126.34,50608.94,47004.2,49128.43,4167.44,205165626.69,49230.66
561,2021-04-26 00:00:00,49122.75,54404.78,48823.01,54073.41,6046.8,320174846.35,52949.5
562,2021-04-27 00:00:00,54015.32,55519.37,53325.75,55091.39,4111.13,224672450.74,54649.87
563,2021-04-28 00:00:00,55094.73,56500.0,53811.49,54901.97,4542.51,249026460.74,54821.34
564,2021-04-29 00:00:00,54898.45,55239.33,52379.9,53593.97,4172.68,223849381.69,53646.47
565,2021-04-30 00:00:00,53585.93,58008.0,53087.15,57775.27,4809.18,267530998.29,55629.21
566,2021-05-01 00:00:00,57790.66,58549.0,57049.63,57851.91,2248.56,130023044.02,57825.14
567,2021-05-02 00:00:00,57893.01,57967.01,56064.51,56622.66,1887.08,107163777.57,56788.02
568,2021-05-03 00:00:00,56599.91,59000.0,56500.0,57222.37,3636.52,210577616.83,57906.4
569,2021-05-04 00:00:00,57227.64,57250.85,53080.69,53236.84,5747.19,316945277.88,55147.83
570,2021-05-05 00:00:00,53221.75,57976.62,52924.5,57509.93,5504.56,309233720.61,56177.76
571,2021-05-06 00:00:00,57517.08,58420.83,55283.0,56447.39,5144.23,292223347.84,56806.01
572,2021-05-07 00:00:00,56425.82,58743.85,55288.11,57381.73,4234.71,241485865.54,57025.37
573,2021-05-08 00:00:00,57371.02,59564.24,56977.5,58984.75,2928.99,171828795.18,58664.79
574,2021-05-09 00:00:00,58964.89,59300.62,56256.0,58305.24,2589.63,149945356.66,57902.33
575,2021-05-10 00:00:00,58336.16,59603.0,53500.0,55880.72,6589.43,375398299.62,56969.79
576,2021-05-11 00:00:00,55854.43,56972.33,54500.0,56763.7,4203.17,234619525.03,55819.67
577,2021-05-12 00:00:00,56763.7,58021.26,48530.0,49386.56,6367.35,346622934.95,54437.52
578,2021-05-13 00:00:00,49419.44,51420.72,45700.0,49694.96,9096.38,450092958.69,49480.43
579,2021-05-14 00:00:00,49711.64,51572.0,48875.69,49880.43,4011.08,201758486.45,50300.27
580,2021-05-15 00:00:00,49883.89,50710.93,46448.53,46708.89,3613.93,174921159.08,48401.94
581,2021-05-16 00:00:00,46753.4,49800.0,43769.4,46444.75,5750.08,267582687.97,46535.45
582,2021-05-17 00:00:00,46446.42,46648.5,42100.0,43593.39,12262.72,540003862.2,44036.21
583,2021-05-18 00:00:00,43581.27,45872.05,42023.69,42877.75,6275.91,276431302.82,44046.38
584,2021-05-19 00:00:00,42900.85,43601.63,30066.0,36780.43,32468.86,1233363958.31,37986.05
585,2021-05-20 00:00:00,36793.39,43000.0,35000.0,40640.9,14703.03,585763330.72,39839.63
586,2021-05-21 00:00:00,40566.13,42297.89,33520.0,37335.16,13106.84,501570358.06,38267.83
587,2021-05-22 00:00:00,37318.43,38887.99,35260.0,37500.54,5720.01,213523515.35,37329.25
588,2021-05-23 00:00:00,37474.34,38311.74,31107.46,34706.79,9376.29,320233593.89,34153.54
589,2021-05-24 00:00:00,34735.35,39960.0,34426.21,38839.86,10213.18,381206446.92,37324.94
590,2021-05-25 00:00:00,38848.36,40000.0,36486.85,38397.72,5765.35,219203791.76,38020.92
591,2021-05-26 00:00:00,38385.87,40904.0,37859.74,39309.56,4205.61,165383293.16,39324.42
592,2021-05-27 00:00:00,39299.46,40429.47,37212.9,38503.47,4113.44,160304687.59,38970.97
593,2021-05-28 00:00:00,38578.5,38905.12,34710.23,35692.46,6167.02,224336970.37,36376.88
594,2021-05-29 00:00:00,35691.36,37348.01,33650.0,34632.08,4457.17,156799838.22,35179.26
595,2021-05-30 00:00:00,34644.09,36516.99,33425.0,35677.72,2979.72,105578080.8,35432.22
596,2021-05-31 00:00:00,35675.3,37540.96,34195.2,37341.41,4383.79,158951116.89,36258.82
597,2021-06-01 00:00:00,37279.89,37927.44,35699.98,36693.3,4348.75,159091714.18,36583.28
598,2021-06-02 00:00:00,36693.3,38256.3,35933.19,37589.36,4270.1,159542306.13,37362.63
599,2021-06-03 00:00:00,37585.12,39490.0,37176.06,39219.88,4058.94,156720692.64,38611.21
600,2021-06-04 00:00:00,39242.94,39277.36,35576.67,36887.32,5786.19,213732275.65,36938.37
601,2021-06-05 00:00:00,36851.58,37927.93,34849.65,35532.14,4106.35,149255532.27,36347.5
602,2021-06-06 00:00:00,35532.59,36510.58,35250.0,35808.85,2526.73,90744305.29,35913.68
603,2021-06-07 00:00:00,35810.69,36808.3,33321.09,33582.62,4913.04,174738848.91,35566.34
604,2021-06-08 00:00:00,33567.51,34085.61,31025.0,33411.69,9044.65,295411111.92,32661.43
605,2021-06-09 00:00:00,33413.19,37556.25,32423.72,37400.0,8539.59,300379531.29,35174.95
606,2021-06-10 00:00:00,37414.64,38446.24,35824.69,36707.54,5761.72,213850983.95,37115.79
607,2021-06-11 00:00:00,36724.97,37680.65,35958.49,37341.11,3741.23,138549651.22,37033.18
608,2021-06-12 00:00:00,37338.91,37445.55,34630.0,35542.76,3727.95,132933963.24,35658.71
609,2021-06-13 00:00:00,35563.66,39386.43,34783.9,39013.76,3601.92,133206837.5,36982.2
610,2021-06-14 00:00:00,39035.52,41050.0,38758.4,40532.79,6281.28,250256144.77,39841.58
611,2021-06-15 00:00:00,40544.19,41341.57,39526.47,40171.47,4078.8,164073553.91,40225.92
612,2021-06-16 00:00:00,40166.93,40506.59,38095.41,38353.99,4008.51,157401959.65,39266.92
613,2021-06-17 00:00:00,38361.38,39553.05,37350.0,38097.68,3569.25,137235493.81,38449.36
614,2021-06-18 00:00:00,38110.25,38208.68,35143.68,35840.0,4240.4,156056634.47,36802.3
615,2021-06-19 00:00:00,35849.18,36440.0,34718.21,35507.06,3129.33,111854162.37,35743.75
616,2021-06-20 00:00:00,35494.7,36125.0,33337.0,35589.77,3958.12,137783633.01,34810.39
617,2021-06-21 00:00:00,35598.66,35763.8,31238.69,31634.16,8580.06,281277014.64,32782.63
618,2021-06-22 00:00:00,31628.83,33315.85,28600.0,32545.26,9778.52,305226167.49,31213.95
619,2021-06-23 00:00:00,32547.57,35000.0,31670.89,33652.28,5855.58,197825431.86,33784.08
620,2021-06-24 00:00:00,33693.99,35289.0,32314.37,34649.32,4725.83,159456200.78,33741.44
621,2021-06-25 00:00:00,34652.68,35517.22,31271.02,31597.75,5099.26,168713067.95,33085.77
622,2021-06-26 00:00:00,31595.95,32714.46,30082.79,32269.38,3300.16,103208642.25,31273.83
623,2021-06-27 00:00:00,32293.98,34772.94,32015.82,34699.5,3260.57,108213766.4,33188.65
624,2021-06-28 00:00:00,34716.02,35357.13,33878.23,34487.11,3369.99,116326301.95,34518.25
625,2021-06-29 00:00:00,34494.42,36623.79,34240.0,35907.93,3179.51,113263661.85,35623.02
626,2021-06-30 00:00:00,35900.05,36099.82,34049.36,35037.23,3381.05,117960169.57,34888.67
627,2021-07-01 00:00:00,35059.71,35071.34,32700.88,33564.21,3118.76,104760187.49,33590.3
628,2021-07-02 00:00:00,33537.11,33981.51,32700.05,33811.56,2086.84,69508235.87,33307.91
629,2021-07-03 00:00:00,33810.46,34959.72,33333.1,34688.3,1244.5,42808110.73,34397.92
630,2021-07-04 00:00:00,34672.08,35960.0,34404.29,35289.21,1204.0,42630110.93,35406.96
631,2021-07-05 00:00:00,35255.0,35258.7,33143.0,33704.21,2254.35,76811531.18,34072.53
632,2021-07-06 00:00:00,33730.76,35100.49,33510.58,34244.09,2386.51,81774966.55,34265.57
633,2021-07-07 00:00:00,34231.95,35059.02,33800.0,33882.47,1540.04,53217886.78,34556.12
634,2021-07-08 00:00:00,33858.33,33943.02,32101.0,32898.79,2945.85,96718061.99,32831.92
635,2021-07-09 00:00:00,32892.94,34115.44,32285.73,33826.43,1636.58,54233225.5,33138.24
636,2021-07-10 00:00:00,33830.73,34261.04,33014.21,33517.6,1442.42,48594894.42,33689.72
637,2021-07-11 00:00:00,33521.48,34635.82,33335.49,34258.53,1635.02,55384085.02,33873.69
638,2021-07-12 00:00:00,34266.84,34677.0,32660.0,33105.0,1879.54,63176320.99,33612.7
639,2021-07-13 00:00:00,33091.53,33340.0,32190.0,32728.0,1870.57,61361648.07,32803.65
640,2021-07-14 00:00:00,32737.56,33111.72,31589.35,32823.55,2753.1,89339111.79,32450.39
641,2021-07-15 00:00:00,32818.68,33179.0,31121.57,31848.65,2470.21,78848242.1,31919.61
642,2021-07-16 00:00:00,31885.7,32264.53,31012.93,31388.17,1912.47,60666603.6,31721.62
643,2021-07-17 00:00:00,31376.3,31950.0,31176.66,31529.68,1550.07,48980380.9,31598.78
644,2021-07-18 00:00:00,31509.33,32440.98,31100.0,31776.65,1256.55,39936180.63,31782.5
645,2021-07-19 00:00:00,31794.49,31881.71,30400.0,30829.29,2506.28,77902345.31,31082.89
646,2021-07-20 00:00:00,30822.08,31068.62,29296.39,29786.58,3413.24,101691045.42,29793.1
647,2021-07-21 00:00:00,29792.99,32875.42,29500.0,32138.45,4842.16,151889430.07,31368.09
648,2021-07-22 00:00:00,32115.82,32609.83,31703.15,32300.88,2392.47,76918046.59,32150.06
649,2021-07-23 00:00:00,32306.98,33684.17,32000.0,33684.17,1976.38,64383767.46,32576.54
650,2021-07-24 00:00:00,33685.0,34534.32,33419.31,34301.78,1440.47,48792503.94,33872.72
651,2021-07-25 00:00:00,34301.86,35448.97,33874.03,35428.28,2063.49,71028021.74,34421.24
652,2021-07-26 00:00:00,35438.93,40581.3,35282.7,37291.24,8840.4,339041943.48,38351.43
653,2021-07-27 00:00:00,37271.44,39539.5,36386.19,39475.41,5896.67,221935316.77,37637.42
654,2021-07-28 00:00:00,39446.94,40927.53,38786.8,40036.32,3943.48,157312496.32,39891.82
655,2021-07-29 00:00:00,40024.8,40662.8,39239.95,40037.51,2306.04,92044667.4,39914.63
656,2021-07-30 00:00:00,40045.21,42335.5,38331.37,42234.89,3651.72,145592747.98,39869.68
657,2021-07-31 00:00:00,42236.72,42411.32,41007.51,41490.13,1507.87,62865290.37,41691.5
658,2021-08-01 00:00:00,41489.16,42614.85,39424.27,39839.0,2042.02,83963591.04,41117.97
659,2021-08-02 00:00:00,39875.2,40459.31,38687.62,39165.55,2407.97,95218137.46,39542.99
660,2021-08-03 00:00:00,39157.52,39792.83,37639.0,38177.07,3279.64,125637960.29,38308.4
661,2021-08-04 00:00:00,38173.75,39973.94,37481.0,39741.12,4080.84,156963803.51,38463.65
662,2021-08-05 00:00:00,39742.77,41401.96,37300.0,40894.67,5804.41,230462378.99,39704.72
663,2021-08-06 00:00:00,40893.77,43381.0,39879.47,42856.59,2937.38,122140052.53,41581.22
664,2021-08-07 00:00:00,42857.09,44763.14,42251.0,44612.94,4886.94,213218287.86,43630.24
665,2021-08-08 00:00:00,44624.4,45355.0,43298.84,43858.42,3647.13,162099727.96,44445.82
666,2021-08-09 00:00:00,43836.05,46529.02,42811.26,46292.89,4961.59,224505106.87,45248.64
667,2021-08-10 00:00:00,46282.3,46759.0,44643.0,45609.7,2390.09,109079646.3,45638.33
668,2021-08-11 00:00:00,45596.21,46787.6,45353.02,45539.85,2606.13,120412472.97,46203.62
669,2021-08-12 00:00:00,45536.8,46236.7,43800.02,44444.45,2463.51,110492214.66,44851.61
670,2021-08-13 00:00:00,44413.35,47929.18,44253.97,47860.58,2934.74,136574095.68,46537.0
671,2021-08-14 00:00:00,47855.0,48190.0,46000.0,47119.73,1908.95,89628333.22,46951.61
672,2021-08-15 00:00:00,47130.97,47424.0,45500.27,47028.3,1726.8,80027152.76,46344.31
673,2021-08-16 00:00:00,47024.96,48075.22,45654.14,45930.51,2410.15,113092623.01,46923.46
674,2021-08-17 00:00:00,45930.48,47183.37,44417.51,44694.35,3286.27,150669689.77,45848.19
675,2021-08-18 00:00:00,44631.47,46041.62,44218.73,44721.13,2247.93,101573130.13,45185.1
676,2021-08-19 00:00:00,44734.16,47114.99,43935.54,46764.3,2776.24,126331765.86,45504.67
677,2021-08-20 00:00:00,46759.29,49436.1,46645.77,49356.0,2815.55,135092212.24,47980.73
678,2021-08-21 00:00:00,49332.31,49833.02,48300.0,48884.34,1768.24,86665779.61,49012.41
679,2021-08-22 00:00:00,48883.84,49540.01,48080.17,49301.86,985.77,48126343.21,48821.3
680,2021-08-23 00:00:00,49296.71,50562.11,49010.0,49561.37,2419.87,120823697.21,49929.87
681,2021-08-24 00:00:00,49516.08,49893.5,47593.66,47731.33,2217.8,108034639.97,48712.46
682,2021-08-25 00:00:00,47670.8,49273.93,47100.0,49011.75,1902.72,91677203.94,48182.17
683,2021-08-26 00:00:00,49022.39,49387.6,46309.33,46856.29,2091.11,98701513.37,47200.54
684,2021-08-27 00:00:00,46857.86,49187.0,46363.0,49100.49,1943.56,92881845.84,47789.61
685,2021-08-28 00:00:00,49100.49,49325.0,48244.88,48935.36,692.71,33863362.26,48885.63
686,2021-08-29 00:00:00,48947.1,49666.0,47798.29,48808.72,1044.48,50812060.25,48648.1
687,2021-08-30 00:00:00,48782.56,48915.29,46855.41,47003.44,1676.48,80397557.15,47956.1
688,2021-08-31 00:00:00,46969.05,48270.33,46699.0,47156.09,2239.17,105950002.18,47316.69
689,2021-09-01 00:00:00,47118.02,49134.0,46532.42,48853.49,2194.63,104872088.2,47785.77
690,2021-09-02 00:00:00,48830.93,50390.0,48625.0,49274.79,2267.93,112759425.87,49719.05
691,2021-09-03 00:00:00,49284.93,51050.0,48351.6,50025.04,2226.78,111455978.26,50052.47
692,2021-09-04 00:00:00,50033.5,50570.94,49388.26,49943.16,869.29,43453055.07,49986.93
693,2021-09-05 00:00:00,49965.32,51900.0,49500.0,51809.28,986.49,49917570.46,50601.34
694,2021-09-06 00:00:00,51809.28,52810.0,51024.32,52708.2,2057.33,106488911.72,51760.77
695,2021-09-07 00:00:00,52719.43,52956.47,42900.01,46866.82,6811.92,328452975.22,48217.37
696,2021-09-08 00:00:00,46894.3,47386.72,44436.93,46091.94,3309.1,152686748.46,46141.5
697,2021-09-09 00:00:00,46070.43,47419.95,45550.0,46392.81,2595.99,120725201.47,46504.55
698,2021-09-10 00:00:00,46368.11,47029.08,44125.0,44857.38,2392.57,109384109.55,45718.23
699,2021-09-11 00:00:00,44858.2,45993.32,44767.75,45176.66,906.81,41144137.14,45372.58
700,2021-09-12 00:00:00,45162.96,46491.63,44752.96,46035.0,1015.76,46428755.7,45708.29
701,2021-09-13 00:00:00,46039.42,46895.82,43400.0,44974.34,2308.42,103251008.38,44727.96
702,2021-09-14 00:00:00,44983.77,47273.38,44704.18,47103.18,1643.96,76093222.59,46286.64
703,2021-09-15 00:00:00,47123.81,48465.77,46702.26,48150.94,1307.25,62300301.61,47657.57
704,2021-09-16 00:00:00,48188.12,48505.0,47035.0,47760.64,1886.04,90188362.91,47818.86
705,2021-09-17 00:00:00,47773.44,48179.0,46712.14,47305.18,1558.52,73963334.7,47457.32
706,2021-09-18 00:00:00,47316.21,48834.0,47052.9,48326.74,1452.51,70151977.1,48297.2
707,2021-09-19 00:00:00,48307.05,48389.52,46860.0,47245.25,999.6,47577375.22,47596.6
708,2021-09-20 00:00:00,47257.86,47334.54,42453.97,43035.99,4240.49,188087578.05,44355.2
709,2021-09-21 00:00:00,43003.07,43643.34,39573.21,40596.54,5961.59,250879329.53,42082.64
710,2021-09-22 00:00:00,40702.07,44031.85,40580.18,43589.53,3040.95,129734764.69,42662.65
711,2021-09-23 00:00:00,43586.0,45013.17,43105.0,44903.5,2317.76,102397463.19,44179.57
712,2021-09-24 00:00:00,44893.7,45159.9,40693.27,42848.5,4348.93,185146782.14,42572.97
713,2021-09-25 00:00:00,42835.88,43010.69,41689.6,42722.19,879.2,37363269.71,42497.05
714,2021-09-26 00:00:00,42699.1,43956.38,40808.0,43204.73,1659.78,70873269.3,42700.28
715,2021-09-27 00:00:00,43162.82,44377.7,42130.0,42189.81,1936.65,83824726.02,43283.37
716,2021-09-28 00:00:00,42154.87,42778.93,40888.0,41049.0,2246.85,93999112.34,41835.89
717,2021-09-29 00:00:00,41024.21,42595.93,40750.0,41542.9,1804.78,75320676.22,41734.04
718,2021-09-30 00:00:00,41537.56,44117.74,41427.87,43834.43,2614.5,113174770.35,43287.28
719,2021-10-01 00:00:00,43835.47,48500.0,43291.07,48171.86,3446.87,160746748.12,46635.54
720,2021-10-02 00:00:00,48185.61,48361.83,47468.15,47685.8,1361.84,65206384.48,47880.95
721,2021-10-03 00:00:00,47644.63,49225.55,47119.87,48235.93,1164.6,56124159.59,48191.67
722,2021-10-04 00:00:00,48231.04,49530.53,46900.0,49242.14,2737.78,132254666.18,48307.26
723,2021-10-05 00:00:00,49283.89,51914.68,49075.0,51501.19,2206.6,111219079.47,50403.0
724,2021-10-06 00:00:00,51521.89,55800.0,50428.64,55345.79,4441.9,237529479.23,53474.71
725,2021-10-07 00:00:00,55360.1,55360.32,53289.57,53787.6,2349.7,127509975.87,54266.46
726,2021-10-08 00:00:00,53816.16,56168.0,53623.02,53957.21,2217.76,121333322.69,54709.97
727,2021-10-09 00:00:00,53952.82,55512.05,53674.69,54976.92,1061.02,58218788.8,54870.42
728,2021-10-10 00:00:00,54984.49,56561.0,51000.0,54714.95,1735.42,95654762.4,55119.02
729,2021-10-11 00:00:00,54657.0,57448.97,54462.45,57248.0,1222.94,69063252.38,56472.92
